Confidence_Level,PICP,MPIW,NMPIW,CWC,Sharpness_%,Winkler_Score
80%,0.7808219178082192,0.019056737,0.26914831311858717,0.9713120969656232,315.03040975170023,0.028441166243362515
50%,0.4301369863013699,0.008760828,0.123733770161303,4.193264319200909,144.82684235462168,0.019671945351889666
